"pop_dens","pH","COD","mean_cont","mean_pred","mean_total"
16,7.9,158.255830727787,326.616259098288,168.360428370501,247.488343734395
16,7.9,246.9311048938,371.19536634555,124.26426145175,247.72981389865
16,7.9,184.00026516308,336.497961204764,152.497696041684,244.497828623224
16,7.9,116.462917683474,305.2182876196,188.755369936127,246.986828777863
16,7.9,272.452643792856,387.392441978719,114.939798185864,251.166120082291
16,7.9,133.514426205556,314.245556837173,180.731130631618,247.488343734396
16,7.9,157.104203790565,327.805035291549,170.700831500983,249.252933396266
16,7.9,163.531025085378,329.291005533123,165.759980447745,247.525492990434
16,7.9,168.13753283426,329.736796605594,161.599263771334,245.668030188464
16,7.9,177.016205027676,334.826244682992,157.810039655316,246.318142169154
16,7.9,67.2030041752483,279.659599464502,212.456595289254,246.058097376878
16,7.9,201.088922941198,346.342514055201,145.253591114004,245.798052584603
16,7.9,222.932685492355,360.793574654521,137.860889162166,249.327231908344
16,7.9,138.789620563147,307.632989262158,168.843368699012,238.238178980585
16,7.9,171.666712158003,336.386513436644,164.719801278641,250.553157357642
16,7.9,111.744962166473,300.908973919032,189.164011752559,245.036492835795
16,7.9,232.814387598834,361.796604567586,128.982216968752,245.389410768169
16,7.9,162.750890708551,330.331184702226,167.580293993675,248.955739347951
16,7.9,282.000002594978,386.09221801734,104.092215422362,245.092216719851
16,7.9,208.407326380953,352.100648741303,143.69332236035,247.896985550827
16,7.9,158.738771056298,327.507841243234,168.769070186936,248.138455715085
16,7.9,228.913715714699,363.39402257728,134.480306862581,248.937164719931
16,7.9,246.819657125682,368.000530326163,121.180873200481,244.590701763322
16,7.9,139.19826237958,317.031751040127,177.833488660547,247.432619850337
16,7.9,229.025163482816,363.468321089358,134.443157606542,248.95573934795
16,7.9,116.648663963672,307.112899677608,190.464235713935,248.788567695772
16,7.9,72.329601508685,272.304046768704,199.974445260019,236.139246014361
16,7.9,109.776051596386,298.382824508353,188.606772911967,243.49479871016
16,7.9,158.701621800257,324.795945552357,166.0943237521,245.445134652229
16,7.9,200.494534844566,349.017260490036,148.52272564547,248.769993067753
16,7.9,169.437756795642,334.120408818241,164.682652022599,249.40153042042
16,7.9,97.9997374319033,296.079570633914,198.079833202011,247.079701917962
16,7.9,212.865237105684,353.846663775157,140.981426669473,247.414045222315
16,7.9,292.84758535848,394.487949882243,101.640364523763,248.064157203003
16,7.9,222.895536236318,360.756425398483,137.860889162166,249.308657280324
16,7.9,62.3736008901276,278.247927735006,215.874326844879,247.061127289942
16,7.9,127.570545239251,311.830855194611,184.26030995536,248.045582574986
16,7.9,264.354105976272,377.399292104127,113.045186127855,245.222239115991
16,7.9,158.070084447588,328.733766692531,170.663682244943,249.698724468737
16,7.9,163.270980293101,325.353184392947,162.082204099845,243.717694246396
16,7.9,164.496905742403,330.071139909952,165.574234167549,247.82268703875
16,7.9,43.9847191506344,269.480703309713,225.495984159078,247.488343734395
16,7.9,240.652880623143,367.740485533887,127.087604910744,247.414045222315
16,7.9,59.2902126388614,275.833226092449,216.543013453587,246.188119773018
16,7.9,233.371626439425,368.817813959029,135.446187519604,252.132000739317
16,7.9,155.432487268793,322.046900605444,166.61441333665,244.330656971047
16,7.9,115.719932562687,305.032541339403,189.312608776716,247.172575058059
16,7.9,232.814387598831,368.260575118437,135.446187519606,251.853381319021
16,7.9,157.401397838876,328.362274132136,170.96087629326,249.661575212698
16,7.9,135.297590495444,318.220527233385,182.922936737941,250.571731985663
16,7.6,344.262155716991,420.120936549419,75.8587808324281,247.989858690923
16,7.6,220.109342033365,356.632857978112,136.523515944747,246.578186961429
16,7.6,212.530893801327,356.03846988148,143.507576080153,249.773022980816
16,7.6,225.941775231545,364.062709185986,138.120933954441,251.091821570214
16,7.6,205.175341105528,354.886842944257,149.711501838729,252.299172391493
16,7.6,213.459625202313,354.29245484763,140.832829645317,247.562642246473
16,7.6,277.653539638372,386.463710577737,108.810170939365,247.636940758551
16,7.6,53.9407197691876,273.715718498201,219.774998729014,246.745358613608
16,7.6,92.5759460501513,290.730077764241,198.15413171409,244.442104739165
16,7.6,198.785669066756,345.933872238766,147.148203172011,246.541037705388
16,7.6,88.6009756539357,291.547361397107,202.946385743171,247.246873570139
16,7.6,188.012384815333,342.181797378789,154.169412563456,248.175604971123
16,7.6,203.577923095835,352.769335350013,149.191412254179,250.980373802096
16,7.6,225.68173043927,358.453171524039,132.771441084769,245.612306304404
16,7.6,188.383877375729,343.890663156601,155.506785780873,249.698724468737
16,7.6,315.32288526231,407.750234288305,92.4273490259948,250.08879165715
16,7.6,245.407985396186,372.495590306929,127.087604910743,249.791597608836
16,7.6,268.551971908723,382.637337205681,114.085365296958,248.361351251319
16,7.6,173.747070496207,332.597289320626,158.850218824419,245.723754072523
16,7.6,210.710580255398,355.072589224456,144.362008969058,249.717299096757
16,7.6,203.094982767324,349.834544122903,146.739561355579,248.287052739241
16,7.6,155.729681317108,324.75879629632,169.029114979211,246.893955637766
16,7.6,234.560402632683,366.663157108743,132.102754476061,249.382955792402
16,7.6,187.938086303254,339.804244992269,151.866158689015,245.835201840642
16,7.6,253.283627676534,377.696486152442,124.412858475907,251.054672314175
16,7.6,305.701227948106,399.763144239834,94.0619162917278,246.912530265781
16,7.6,181.957056080912,340.547230113056,158.590174032144,249.5687020726
16,7.6,231.254118845181,364.471351002421,133.21723215724,248.844291579831
16,7.6,278.136479966883,390.290083949793,112.15360398291,251.221843966351
16,7.6,70.9550790352279,282.520092179536,211.565013144308,247.042552661922
16,7.6,214.75984916369,357.041499794543,142.281650630853,249.661575212698
16,7.6,314.877094189835,408.753264201366,93.8761700115307,251.314717106448
16,7.6,233.223029415266,366.960351157059,133.737321741794,250.348836449426
16,7.6,197.708340641614,344.299304973035,146.590964331421,245.445134652228
16,7.6,179.728100718549,338.132528470496,158.404427751947,248.268478111221
16,7.6,249.011463232003,374.167306828699,125.155843596695,249.661575212697
16,7.6,184.037414419121,338.355424006735,154.318009587614,246.336716797175
16,7.6,257.85298616938,374.353053108897,116.500066939518,245.426560024208
16,7.6,77.7905421464754,280.514032353409,202.723490206934,241.618761280172
16,7.6,288.092480585438,390.624427254146,102.531946668708,246.578186961427
16,7.6,273.158479657607,383.343173070429,110.184693412822,246.763933241625
16,7.6,253.209329164454,374.613097901171,121.403768736717,248.008433318944
16,7.6,253.023582884258,377.362142848086,124.338559963828,250.850351405957
16,7.6,285.009092334171,391.553158655133,106.544066320962,249.048612488047
16,7.6,215.242789492203,355.40693252881,140.164143036607,247.785537782709
16,7.6,265.319986633297,377.362142848088,112.042156214791,244.702149531439
16,7.6,261.679359541437,380.371232587278,118.691873045841,249.53155281656
16,7.6,218.95771509614,357.673037147211,138.715322051071,248.194179599141
16,7.6,220.555133105835,359.6419477173,139.086814611465,249.364381164382
16,7.6,252.652090323866,374.83599343741,122.183903113544,248.509948275477
16,7.3,72.775392581155,285.120540102292,212.345147521137,248.732843811715
16,7.3,222.338297395726,360.682126886404,138.343829490678,249.512978188541
16,7.3,111.224872581923,301.317615735466,190.092743153543,245.705179444504
16,7.3,94.5448566202365,294.110660063824,199.565803443588,246.838231753706
16,7.3,107.24990218571,300.760376894877,193.510474709167,247.135425802022
16,7.3,82.2856021272409,285.454883406649,203.169281279408,244.312082343028
16,7.3,229.656700835483,362.093798615899,132.437097780415,247.265448198157
16,7.3,209.298908525902,354.441051871787,145.142143345885,249.791597608836
16,7.3,72.7010940690819,277.839285918575,205.138191849493,241.488738884034
16,7.3,122.964037490371,305.292586131681,182.32854864131,243.810567386495
16,7.3,146.776710611615,318.109079465267,171.332368853653,244.72072415946
16,7.3,191.021474554523,341.067319697608,150.045845143085,245.556582420346
16,7.3,164.942696814873,332.188647504195,167.245950689321,249.717299096758
16,7.3,41.3842712278772,266.10012101013,224.715849782253,245.407985396191
16,7.3,258.298777241853,379.442501186295,121.143723944442,250.293112565368
16,7.3,65.6055861655597,278.322226247087,212.716640081528,245.519433164308
16,7.3,143.953367152621,321.861154325246,177.907787172625,249.884470748936
16,7.3,130.505336466363,310.159138672839,179.653802206476,244.906470439658
16,7.3,101.826110803959,296.859705010741,195.033594206782,245.946649608762
16,7.3,186.26636978148,343.110528779773,156.844158998293,249.977343889033
16,7.3,100.934528659014,298.754317068749,197.819788409735,248.287052739242
16,7.3,70.5835864748355,282.222898131223,211.639311656387,246.931104893805
16,7.3,67.9088400399949,279.13950987995,211.230669839955,245.185089859952
16,7.3,62.9308397307208,278.433674015204,215.502834284483,246.968254149844
16,7.3,102.197603364351,299.571600701614,197.373997337263,248.472799019439
16,7.3,139.532605683936,318.852064586056,179.31945890212,249.085761744088
16,7.3,123.967067403431,310.382034209076,186.414966805645,248.398500507361
16,7.3,60.6275858562778,277.022002285708,216.394416429431,246.70820935757
16,7.3,111.076275557766,305.255436875642,194.179161317876,249.717299096759
16,7.3,152.089054225245,325.501781417104,173.41272719186,249.457254304482
16,7.3,205.881176970279,345.74812595857,139.866948988292,242.807537473431
16,7.3,147.556844988443,321.006721436341,173.449876447899,247.22829894212
16,7.3,13.0022396137877,254.435254613762,241.433014999975,247.934134806869
16,7.3,95.8450805816161,295.225137745006,199.38005716339,247.302597454198
16,7.3,181.139772448044,339.544200199991,158.404427751947,248.974313975969
16,7.3,144.770650785486,320.746676644063,175.976025858577,248.36135125132
16,7.3,240.244238806712,366.32881380439,126.084574997678,246.206694401034
16,7.3,128.536425896273,312.536691059358,184.000265163085,248.268478111221
16,7.3,175.864578090454,336.683707484961,160.819129394507,248.751418439734
16,7.3,133.105784389121,314.059810556974,180.954026167853,247.506918362413
16,7.3,239.798447734239,369.077858751306,129.279411017067,249.178634884186
16,7.3,268.477673396643,383.974710423098,115.497037026455,249.735873724776
16,7.3,209.076012989665,354.589648895945,145.51363590628,250.051642401112
16,7.3,118.840470069997,305.069690595445,186.229220525448,245.649455560446
16,7.3,237.569492371874,364.657097282618,127.087604910744,245.872351096681
16,7.3,142.76459095936,319.743646731001,176.979055771641,248.361351251321
16,7.3,188.606772911962,344.373603485113,155.766830573151,250.070217029132
16,7.3,178.130682708858,337.835334422183,159.704651713325,248.769993067754
16,7.3,152.349099017521,321.898303581284,169.549204563763,245.723754072523
16,7.3,227.353446961045,361.239365726995,133.88591876595,247.562642246473
20,7.9,97.3013314183631,244.115191286021,146.813859867658,195.464525576839
20,7.9,169.370888134771,281.531921968888,112.161033834117,196.846477901503
20,7.9,96.0531164154392,241.529603065679,145.47648665024,193.50304485796
20,7.9,48.8587015430016,218.764538964743,169.905837421741,194.335188193242
20,7.9,101.61064511893,244.620421168155,143.009776049224,193.81509860869
20,7.9,133.202372454823,261.619920731776,128.417548276953,195.018734504365
20,7.9,108.981057517144,249.821317013667,140.840259496523,195.330788255095
20,7.9,137.690002584383,262.749258115376,125.059255530992,193.904256823184
20,7.9,99.3816897565673,241.232409017363,141.850719260796,191.54156413908
20,7.9,170.470506113536,282.334345899339,111.863839785803,197.099092842571
20,7.9,151.747281069686,269.971073489432,118.223792419745,194.097432954589
20,7.9,172.640022666237,281.234727920573,108.594705254336,194.914716587455
20,7.9,160.7225413288,274.31010659483,113.58756526603,193.94883593043
20,7.9,133.618444122468,261.590201326948,127.971757204481,194.780979265714
20,7.9,196.653301770097,293.627719735312,96.9744179652158,195.301068850264
20,7.9,148.953657015525,269.881915274938,120.928258259413,195.405086767175
20,7.9,136.560665200785,264.324386571445,127.76372137066,196.044053971053
20,7.9,193.711080691777,292.557821161378,98.8467404696009,195.702280815489
20,7.9,107.673403704558,249.226928917038,141.55352521248,195.390227064759
20,7.9,115.40044896075,251.782797732548,136.382348771798,194.082573252173
20,7.9,143.871638789335,267.504362888415,123.632724099081,195.568543493748
20,7.9,112.517666692095,248.602821415576,136.085154723481,192.343988069529
20,7.9,143.247531287876,264.205508952119,120.957977664244,192.581743308182
20,7.9,160.633383114307,272.616100519436,111.982717405128,192.299408962282
20,7.9,187.440286272329,287.030011862718,99.5897255903887,193.309868726553
20,7.9,112.309630858275,251.277567850414,138.96793699214,195.122752421277
20,7.9,166.250350627463,278.054751603603,111.804400976139,194.929576289871
20,7.9,203.726520119996,295.886394502507,92.159874382511,194.023134442509
20,7.9,224.975894574523,307.744437030277,82.7685424557544,195.256489743016
20,7.9,98.3117911826327,243.075012116917,144.763220934284,193.9191165256
20,7.9,164.348308718245,278.262787437422,113.914478719177,196.088633078299
20,7.9,163.100093715322,274.963933501124,111.863839785802,193.413886643463
20,7.9,213.266449070909,300.49290225139,87.2264531804807,193.859677715935
20,7.9,192.641182117842,293.063051043513,100.421868925671,196.742459984592
20,7.9,144.049955218326,266.939694196619,122.889738978293,194.914716587456
20,7.9,66.1553951549401,229.225769465433,163.070374310493,196.148071887963
20,7.9,160.811699543297,276.776817195847,115.965117652551,196.370967424199
20,7.9,73.3474911241659,229.404085894423,156.056594770257,192.73034033234
20,7.9,124.702622673012,250.920934992433,126.218312319421,188.569623655927
20,7.9,182.298829236478,285.217128167995,102.918298931518,194.067713549756
20,7.9,74.2985120787729,231.9302353051,157.631723226327,194.780979265714
20,7.9,149.399448087996,269.34696598797,119.947517899973,194.647241943971
20,7.9,142.14791330911,266.76137776763,124.61346445852,195.687421113075
20,7.9,96.5286268927424,240.370546277249,143.841919384507,192.106232830878
20,7.9,82.5902260267633,233.237889117686,150.647663090923,191.942776104304
20,7.9,151.747281069685,272.556661709772,120.809380640086,196.683021174929
20,7.9,124.375709219866,257.72667869885,133.350969478984,195.538824088917
20,7.9,142.593704381582,263.759717879647,121.166013498065,192.462865688856
20,7.9,113.02289657423,251.337006660076,138.314110085846,194.825558372961
20,7.9,92.7839818839732,241.826797113994,149.042815230021,195.434806172008
20,7.6,100.629904759491,244.174630095681,143.544725336191,193.859677715936
20,7.6,186.221790674238,290.180268774858,103.958478100621,197.069373437739
20,7.6,137.065895082921,264.294667166614,127.228772083693,195.761719625153
20,7.6,177.127652795795,283.166489234622,106.038836438827,194.602662836724
20,7.6,93.9430386724023,239.419525322643,145.47648665024,192.448005986441
20,7.6,114.984377293108,251.693639518053,136.709262224945,194.201450871499
20,7.6,118.253511824576,250.742618563446,132.48910673887,191.615862651158
20,7.6,224.975894574527,306.823135480504,81.8472409059773,194.335188193241
20,7.6,188.896537109074,287.44608353036,98.5495464212858,192.997814975823
20,7.6,121.314610522222,254.041472499744,132.726861977522,193.384167238633
20,7.6,202.299988688084,296.361904979812,94.0619162917279,195.21191063577
20,7.6,180.188751493443,284.771337095525,104.582585602082,194.676961348804
20,7.6,85.1758142471064,235.942354957354,150.766540710248,193.354447833801
20,7.6,134.1236740046,259.212648940424,125.088974935825,192.150811938125
20,7.6,157.958636679473,274.993652905958,117.035016226485,196.014334566222
20,7.6,94.0619162917265,240.964934373879,146.903018082153,193.933976228016
20,7.6,154.927257386659,271.724518374492,116.797260987833,194.260889681162
20,7.6,224.500384097221,307.120329528818,82.6199454315965,194.870137480207
20,7.6,185.181611505133,287.713558173841,102.531946668708,195.122752421275
20,7.6,163.21897133465,275.677199217083,112.458227882433,194.067713549758
20,7.6,201.170651304484,293.271086877333,92.1004355728483,192.68576122509
20,7.6,150.112713803953,271.278727302018,121.166013498065,196.222370400042
20,7.6,114.776341459288,251.307287255243,136.530945795955,193.919116525599
20,7.6,195.969755458968,294.994812357558,99.0250568985901,197.009934628074
20,7.6,215.970914910576,303.970072616676,87.9991577061003,195.984615161388
20,7.6,184.31974876502,288.783456747776,104.463707982756,196.623582365266
20,7.6,185.686841387268,289.258967225079,103.572125837811,196.415546531445
20,7.6,130.111554352348,255.259968097835,125.148413745487,190.204190921661
20,7.6,149.161692849344,268.514822652687,119.353129803343,193.933976228015
20,7.6,178.613623037371,283.701438521589,105.087815484218,194.394627002903
20,7.6,201.973075234937,294.994812357562,93.021737122625,194.008274740094
20,7.6,191.036334256939,291.042131514969,100.00579725803,195.5239643865
20,7.6,164.021395265098,277.311766482813,113.290371217715,195.301068850264
20,7.6,168.627903013984,279.748757678998,111.120854665015,195.434806172006
20,7.6,156.740141081381,270.803216824715,114.063075743334,192.433146284024
20,7.6,193.740800096609,290.239707584521,96.4989074879117,193.369307536216
20,7.6,199.744119872572,295.76751688318,96.0233970106073,195.895456946894
20,7.6,156.413227628235,273.537402069214,117.12417444098,195.330788255097
20,7.6,217.605482176312,302.662418804092,85.0569366277804,193.859677715936
20,7.6,130.913978282798,260.817496801327,129.903518518529,195.360507659928
20,7.6,179.02969470501,284.801056500354,105.771361795343,195.286209147848
20,7.6,231.425005422963,311.934873111522,80.5098676885595,196.222370400041
20,7.6,133.053775430666,261.67935954144,128.625584110774,195.152471826107
20,7.6,113.825320504681,250.772337968276,136.947017463596,193.859677715936
20,7.6,142.266790928436,266.37502550482,124.108234576384,195.241630040602
20,7.6,132.489106738869,260.371705728855,127.882598989986,194.127152359421
20,7.6,173.828798859498,281.650799588215,107.822000728717,194.736400158466
20,7.6,135.669083055839,263.343646212005,127.674563156166,195.509104684085
20,7.6,141.464366997984,263.848876094141,122.384509096157,193.116692595149
20,7.6,115.489607175243,250.564302134455,135.074694959212,192.819498546833
20,7.3,131.864999237407,260.431144538517,128.566145301111,194.498644919814
20,7.3,162.802899667006,274.518142428651,111.715242761645,193.116692595148
20,7.3,129.487446850884,261.590201326945,132.102754476061,196.846477901503
20,7.3,96.4989074879105,242.242868781634,145.743961293723,193.993415037678
20,7.3,70.1377954023618,229.285208275096,159.147412872734,194.216310573915
20,7.3,146.249191175858,268.841736105835,122.592544929977,195.717140517906
20,7.3,49.1856149961469,219.269768846877,170.08415385073,194.676961348804
20,7.3,141.494086402816,264.383825381108,122.889738978292,193.6367821797
20,7.3,197.009934628074,294.786776523741,97.7768418956667,196.281809209704
20,7.3,121.106574688401,253.476803807944,132.370229119544,192.923516463744
20,7.3,69.0976162332585,228.77997839296,159.682362159702,194.231170276331
20,7.3,95.072376055998,241.291847827026,146.219471771028,193.755659799027
20,7.3,160.871138352959,273.448243854717,112.577105501758,193.012674678238
20,7.3,121.017416473907,255.051932264016,134.034515790109,194.543224027062
20,7.3,32.8696617436512,211.007774303717,178.138112560066,194.572943431892
20,7.3,58.3094722794199,221.736479447891,163.427007168471,192.581743308181
20,7.3,109.456567994449,248.424504986588,138.967936992139,193.696220989363
20,7.3,43.3903310540049,215.911476100918,172.521145046913,194.216310573916
20,7.3,118.550705872891,252.763538091988,134.212832219098,193.488185155543
20,7.3,206.163511316179,299.274406653299,93.1108953371198,196.192650995209
20,7.3,188.629062465589,290.685498656993,102.056436191404,196.370967424199
20,7.3,85.116375437443,236.744778887805,151.628403450362,194.186591169084
20,7.3,136.709262224944,262.006272994588,125.297010769644,193.651641882116
20,7.3,103.482967623315,246.254988433887,142.772020810572,194.51350462223
20,7.3,119.70976266132,252.050272376032,132.340509714713,192.195391045372
20,7.3,93.2892117661082,239.360086512979,146.070874746871,192.715480629925
20,7.3,113.022896574229,253.506523212776,140.483626638547,196.995074925662
20,7.3,46.4811491564798,218.645661345416,172.164512188936,195.405086767176
20,7.3,130.943697687629,260.639180372337,129.695482684708,195.167331528523
20,7.3,145.357609030912,267.712398722237,122.354789691325,195.033594206781
20,7.3,119.531446232331,253.001293330641,133.46984709831,193.235570214475
20,7.3,145.922277722711,267.058571815945,121.136294093234,194.097432954589
20,7.3,44.1927549844552,214.009434191702,169.816679207247,191.913056699474
20,7.3,130.824820068305,260.728338586833,129.903518518529,195.315928552681
20,7.3,173.472166001521,282.185748875184,108.713582873662,195.449665874423
20,7.3,20.8630221917199,205.688000838878,184.824978647159,195.256489743018
20,7.3,60.8356216900982,222.568622783175,161.733001093076,192.150811938125
20,7.3,75.3386912478766,232.4949039969,157.156212749023,194.825558372961
20,7.3,54.3865108416611,221.795918257556,167.409407415894,194.602662836725
20,7.3,144.882098553607,269.317246583138,124.435148029531,196.876197306335
20,7.3,118.966777540531,255.55716214615,136.590384605619,196.073773375884
20,7.3,92.9325789081291,236.65562067331,143.723041765181,190.189331219245
20,7.3,102.294191430054,246.819657125685,144.525465695632,195.672561410658
20,7.3,145.862838913047,269.852195870106,123.989356957058,196.920776413582
20,7.3,166.428667056451,280.580901014279,114.152233957828,197.366567486053
20,7.3,90.5253071167786,236.804217697469,146.27891058069,191.541564139079
20,7.3,174.304309336802,283.255647449117,108.951338112315,196.103492780716
20,7.3,57.3881707296433,220.607142064294,163.21897133465,191.913056699472
20,7.3,53.1085764339075,221.885076472051,168.776500038143,195.330788255097
20,7.3,230.206509824869,310.716377513428,80.5098676885595,195.613122600994
24,7.9,107.732842514223,209.620868744915,101.888026230692,155.754447487804
24,7.9,97.1081552869564,208.82835128274,111.720195995784,160.274273639262
24,7.9,101.937558572077,210.636281743324,108.698723171246,159.667502457285
24,7.9,102.507180498015,209.274142355214,106.766961857199,158.020552106206
24,7.9,123.756554952544,220.072192777328,96.315637824784,158.193915301056
24,7.9,45.8174157819099,182.056120763689,136.238704981779,159.147412872734
24,7.9,131.830326598439,225.619815012545,93.7894884141057,159.704651713325
24,7.9,115.236992234176,217.620341878727,102.383349644551,160.001845761639
24,7.9,76.7008306359874,199.194310883194,122.493480247206,160.8438955652
24,7.9,73.4316961045213,195.578449962026,122.146753857505,158.862601909765
24,7.9,123.855619635316,221.582929189597,97.727309554281,159.655119371939
24,7.9,119.472007422668,220.121725118714,100.649717696046,160.38572140738
24,7.9,32.418917437037,176.23607065085,143.817153213813,160.026611932332
24,7.9,161.252537381633,241.494930426709,80.2423930450759,160.868661735892
24,7.9,98.8417872354635,207.912002967104,109.070215731641,158.491109349372
24,7.9,115.732315648035,218.734819559909,103.002503911874,160.868661735891
24,7.9,105.206693103544,210.93347579164,105.726782688095,158.330129239868
24,7.9,107.113688246899,212.493744545294,105.380056298394,158.936900421844
24,7.9,97.13292145765,207.63957508948,110.50665363183,159.073114360655
24,7.9,130.393888698247,226.833357376495,96.4394686782488,161.636413027372
24,7.9,43.1922016884617,181.536031179138,138.343829490677,159.939930334907
24,7.9,133.61349088833,226.189436938482,92.5759460501524,159.382691494317
24,7.9,97.5539463594302,207.837704455024,110.283758095594,159.060731275309
24,7.9,66.7943623588181,193.126599063427,126.332236704609,159.729417884018
24,7.9,147.457780305673,233.89171602398,86.4339357183073,160.162825871144
24,7.9,103.497827325733,208.605455746506,105.107628420772,156.856542083639
24,7.9,110.110394900741,215.490451199135,105.380056298394,160.435253748765
24,7.9,140.448953999577,230.052959566578,89.6040055670014,159.82848256679
24,7.9,63.6738248515089,190.526151140669,126.852326289161,158.689238714915
24,7.9,131.929391281211,225.273088622843,93.3436973416328,159.308392982238
24,7.9,118.753788472574,218.041366780509,99.2875783079352,158.664472544222
24,7.9,72.8620741785831,195.206957401632,122.344883223049,158.77592031234
24,7.9,149.860098862886,235.006193705161,85.146094842275,160.076144273718
24,7.9,88.0189706426543,202.438679243966,114.419708601312,158.429193922639
24,7.9,119.050982520889,219.007247437533,99.9562649166439,159.481756177088
24,7.9,148.597024157548,233.644054317051,85.0470301595031,159.345542238277
24,7.9,124.945331145806,221.384799824055,96.4394686782489,158.912134251152
24,7.9,42.4492165676725,178.935583256381,136.486366688709,157.710974972545
24,7.9,139.978396756411,229.111845080247,89.1334483238358,159.122646702041
24,7.9,154.392308099692,236.615994800202,82.2236867005099,159.419840750356
24,7.9,149.216178424871,234.411805608531,85.1956271836607,159.803716396096
24,7.9,61.7172973667675,189.585036654338,127.86773928757,158.726387970954
24,7.9,76.8246614894539,196.123305717272,119.298644227818,157.710974972545
24,7.9,100.575419183966,207.689107430866,107.113688246899,157.401397838883
24,7.9,112.958504530428,215.242789492208,102.284284961779,158.763537226994
24,7.9,130.195759332705,223.46515816226,93.2693988295544,158.367278495907
24,7.9,136.065341786927,228.344093788764,92.2787520018371,160.311422895301
24,7.9,124.103281342244,223.14319794325,99.039916601006,161.091557272128
24,7.9,82.3227513832806,200.556450271303,118.233698888022,159.395074579663
24,7.9,71.9704920336398,193.225663746199,121.255171712559,157.240417729379
24,7.6,155.358188756717,237.235149067526,81.8769603108089,159.556054689167
24,7.6,113.552892627059,216.53063036824,102.977737741181,159.75418405471
24,7.6,180.000528596176,249.370572707058,69.3700441108819,159.37030840897
24,7.6,148.62179032824,235.105258387933,86.483468059693,160.794363223813
24,7.6,127.570545239255,221.18667045851,93.6161252192551,157.401397838882
24,7.6,125.391122218279,221.310501311976,95.9193790936973,158.614940202837
24,7.6,79.1526815345869,197.188251057066,118.035569522479,157.611910289772
24,7.6,146.640496672807,232.35621344102,85.7157167682121,159.035965104616
24,7.6,106.766961857197,212.741406252222,105.974444395025,159.357925323623
24,7.6,124.276644537094,219.898829582476,95.6221850453821,157.760507313929
24,7.6,124.970097316498,221.904889408605,96.9347920921074,159.419840750356
24,7.6,156.84415899829,237.086552043366,80.242393045076,158.664472544221
24,7.6,94.1609809744993,204.791465459793,110.630484485294,157.710974972544
24,7.6,133.068635133085,224.975894574529,91.9072594414436,158.441577007986
24,7.6,126.332236704608,222.920302407015,96.5880657024063,159.75418405471
24,7.6,99.0646827716982,208.308261698189,109.243578926491,158.77592031234
24,7.6,162.391781233508,241.940721499182,79.5489402656739,160.744830882428
24,7.6,113.924385187454,216.382033344084,102.45764815663,159.419840750357
24,7.6,121.601898102259,220.1712574601,98.5693593578406,159.37030840897
24,7.6,138.641023538994,229.80529785965,91.1642743206557,160.484786090153
24,7.6,154.293243416919,237.136084384752,82.842840967833,159.989462676293
24,7.6,55.9220134246241,186.117772757329,130.195759332705,158.156766045017
24,7.6,137.055988614643,228.269795276684,91.2138066620412,159.741800969363
24,7.6,127.000923313316,221.855357067218,94.8544337539016,158.35489541056
24,7.6,143.470426824114,231.365566613304,87.8951397891896,159.630353201247
24,7.6,177.697274721733,249.667766755373,71.9704920336392,160.819129394506
24,7.6,98.8913195768475,208.952182136205,110.060862559357,159.506522347781
24,7.6,145.451720479545,232.727706001411,87.2759855218667,160.001845761639
24,7.6,50.5229882135665,183.66592185873,133.142933645163,158.404427751947
24,7.6,135.570018373069,227.576342497284,92.0063241242151,159.79133331075
24,7.6,103.349230301574,212.667107740144,109.31787743857,160.992492589357
24,7.6,141.216705291056,227.972601228371,86.755895937315,157.364248582843
24,7.6,116.153340549817,217.768938902887,101.61559835307,159.692268627978
24,7.6,119.075748691582,218.412859340903,99.3371106493209,158.874984995112
24,7.6,49.9038339462429,183.59162334665,133.687789400408,158.639706373529
24,7.6,123.707022611159,219.502570851392,95.7955482402324,157.649059545812
24,7.6,103.572125837811,211.7755255952,108.203399757388,159.989462676294
24,7.6,97.2815184818094,205.683047604741,108.401529122931,157.042288363836
24,7.6,112.190753238949,214.128311811026,101.937558572078,158.032935191552
24,7.6,162.788039964593,241.990253840566,79.2022138759732,160.59623385827
24,7.6,149.538138643881,234.907129022392,85.3689903785112,160.138059700451
24,7.6,164.348308718247,240.677646793841,76.3293380755938,158.503492434717
24,7.6,127.149520337476,222.746939212166,95.5974188746891,159.172179043427
24,7.6,131.58266489151,224.604402014134,93.0217371226249,158.81306956838
24,7.6,103.64642434989,211.899356448663,108.252932098774,160.076144273718
24,7.6,140.944277413433,230.548282980435,89.6040055670015,160.076144273718
24,7.6,194.711633987772,257.592941377107,62.8813073893357,160.237124383221
24,7.6,128.164933335884,223.489924332951,95.3249909970673,159.407457665009
24,7.6,131.830326598437,224.530103502054,92.699776903617,158.614940202836
24,7.6,88.6381249099776,203.305495218219,114.667370308242,158.98643276323
24,7.3,94.0123839503406,205.460152068502,111.447768118161,158.453960093332
24,7.3,60.355157978657,188.544857485236,128.189699506579,158.367278495907
24,7.3,109.144514243719,214.9208292732,105.776315029481,160.348572151341
24,7.3,16.8409960711905,167.617443249714,150.776447178524,159.196945214119
24,7.3,67.8097753572283,194.884997182625,127.075221825397,160.980109504011
24,7.3,91.7091300759012,204.964828654646,113.255698578745,159.110263616695
24,7.3,70.7817158403777,193.844818013521,123.063102173143,158.453960093332
24,7.3,79.5737064363663,200.333554735067,120.759848298701,160.546701516884
24,7.3,92.7245430743096,203.974181826927,111.249638752618,157.611910289773
24,7.3,25.855882203412,170.886577781179,145.030695577767,157.958636679473
24,7.3,65.8532478724873,192.581743308183,126.728495435696,159.65511937194
24,7.3,88.2418661788897,202.240549878422,113.998683699532,158.119616788977
24,7.3,129.304177187758,223.588989015722,94.2848118279643,158.936900421843
24,7.3,99.3371106493203,208.803585112047,109.466474462727,159.135029787387
24,7.3,47.0557243165576,182.279016299926,135.223291983369,158.751154141648
24,7.3,123.855619635315,220.815177898115,96.9595582628,158.887368080458
24,7.3,62.4355163168635,189.659335166418,127.223818849554,158.441577007986
24,7.3,55.7981825711581,187.777106193754,131.978923622596,159.878014908175
24,7.3,52.6528788931577,183.145832274178,130.492953381021,156.8193928276
24,7.3,84.0563833317863,202.438679243966,118.38229591218,160.410487578073
24,7.3,128.907918456672,225.446451817693,96.5385333610205,160.992492589357
24,7.3,92.9226724398537,206.128838677212,113.206166237358,159.667502457285
24,7.3,65.7046508483284,193.522857794513,127.818206946184,160.670532370348
24,7.3,96.092742288547,206.723226773842,110.630484485295,158.676855629568
24,7.3,66.7448300174321,193.052300551349,126.307470533916,159.679885542633
24,7.3,92.105388806987,206.029773994441,113.924385187454,159.977079590947
24,7.3,81.8769603108097,201.472798586943,119.595838276133,160.534318431538
24,7.3,99.7829017217934,211.057306645104,111.274404923311,161.165855784207
24,7.3,61.5439341719168,186.910290219502,125.366356047585,156.138323133543
24,7.3,63.1785014376511,191.516797968387,128.338296530736,159.927547249561
24,7.3,110.952444704303,210.958241962333,100.00579725803,155.482019610181
24,7.3,65.4817553120918,191.467265627,125.985510314908,158.726387970954
24,7.3,108.624424659166,215.366620345671,106.742195686505,161.054408016088
24,7.3,102.457648156628,211.750759424505,109.293111267877,160.521935346191
24,7.3,96.3651701661707,204.940062483953,108.574892317782,156.757477400867
24,7.3,95.993677605775,208.357794039574,112.364116433799,160.360955236687
24,7.3,80.6881841175463,199.144778541806,118.456594424259,158.800686483032
24,7.3,133.687789400408,225.817944378088,92.13015497768,158.974049677884
24,7.3,51.3402718464321,183.987882077737,132.647610231305,158.317746154521
24,7.3,84.7003037698,202.958768828516,118.258465058716,160.608616943616
24,7.3,39.1305496948208,179.208011134003,140.077461439182,159.642736286592
24,7.3,90.8175479309553,204.940062483952,114.122514552997,159.531288518475
24,7.3,149.117113742098,235.650114143177,86.5330004010791,161.091557272128
24,7.3,83.5115275765408,202.612042438816,119.100514862275,160.856278650546
24,7.3,146.120407088256,233.148730903193,87.0283238149371,160.088527359065
24,7.3,76.2550395635127,197.23778339845,120.982743834937,159.110263616693
24,7.3,78.211567048256,199.243843224579,121.032276176323,160.138059700451
24,7.3,34.7717036528661,176.954289600947,142.182585948081,159.568437774514
24,7.3,108.05480273323,213.335794348853,105.280991615623,159.308392982238
24,7.3,33.632459800992,174.700568067891,141.068108266899,157.884338167395
28,7.9,10.3168791057949,137.791897686664,127.475018580869,132.633458133766
28,7.9,108.306002464544,187.996463705606,79.6904612410624,133.843462473334
28,7.9,91.7268201978238,179.165554841387,87.4387346435629,133.302144742475
28,7.9,64.4911084843761,165.367259741043,100.876151256667,133.121705498855
28,7.9,82.5987172852889,174.11325602003,91.5145387347415,132.813897377386
28,7.9,36.8520619910717,151.144401714534,114.292339723463,132.718370718998
28,7.9,91.3871698568922,180.821350253428,89.4341803965356,135.127765324982
28,7.9,55.2993211329164,161.057946040474,105.758624907558,133.408285474016
28,7.9,95.9087650205444,182.455917519162,86.5471524986175,134.50153500889
28,7.9,81.9194166034257,175.896420309921,93.9770037064952,134.936712008208
28,7.9,67.8239274547666,168.806219442975,100.982291988208,134.894255715591
28,7.9,69.3948102815753,167.596215103406,98.2014048218311,132.898809962619
28,7.9,124.184655903093,198.334570957709,74.1499150546167,136.242243006163
28,7.9,101.491767499605,184.897154344606,83.4053868450008,134.151270594804
28,7.9,84.6578474771866,177.70081274612,93.0429652689332,135.371889007527
28,7.9,72.0483285701025,170.249733391934,98.2014048218311,134.225569106882
28,7.9,57.804242397286,162.480231843125,104.675989445839,133.578110644482
28,7.9,88.7336515683647,179.738714791709,91.0050632233441,135.371889007526
28,7.9,50.714041530341,158.659165507646,107.945123977305,133.302144742475
28,7.9,91.4720824421253,176.915371332715,85.4432888905899,131.179330111653
28,7.9,74.2772839324663,171.37482514627,97.0975412138038,134.236183180037
28,7.9,97.7768418956669,183.156446347333,85.3796044516658,134.268025399499
28,7.9,62.9202256575677,165.40971603366,102.489490376092,133.949603204876
28,7.9,56.764063228183,162.734969598823,105.97090637064,134.352937984732
28,7.9,100.302991306345,184.196625516435,83.8936342100899,134.045129863262
28,7.9,89.6464618596187,178.422569720599,88.7761078609808,133.59933879079
28,7.9,102.149840035161,184.451363272134,82.3015232369733,133.376443254554
28,7.9,52.8156280148536,161.355140088788,108.539512073935,134.947326081362
28,7.9,81.728363286652,174.431678214654,92.7033149280018,133.567496571328
28,7.9,88.6487389831318,178.443797866907,89.7950588837754,134.119428375341
28,7.9,99.6449187707902,184.111712931202,84.4667941604119,134.289253545807
28,7.9,70.2439361339035,166.407438910145,96.1635027762419,131.285470843194
28,7.9,132.23012335391,200.73335149054,68.5032281366295,134.618289813585
28,7.9,80.2211648987687,173.773605679099,93.5524407803308,133.663023229715
28,7.9,77.6101029028564,173.306586460317,95.696483557461,134.501535008889
28,7.9,64.9156714105411,166.619720373229,101.704048962688,134.161884667958
28,7.9,120.639555469622,194.067713549759,73.428158080137,133.747935814948
28,7.9,72.2393818868774,169.655345295304,97.4159634084267,133.535654351865
28,7.9,70.8170960842264,171.459737731503,100.642641647276,136.051189689389
28,7.9,45.6829708552922,157.703898923775,112.020928068483,134.862413496129
28,7.9,78.5865976330354,173.264130167702,94.6775325346661,133.970831351184
28,7.9,104.973183494154,186.998740829121,82.0255573349665,134.512149082044
28,7.9,74.383424664006,172.054125828132,97.6707011641257,134.862413496129
28,7.9,113.71917977314,192.390689991408,78.6715102182675,135.531100104838
28,7.9,120.045167372991,195.10789271886,75.0627253458699,135.085309032365
28,7.9,81.8557321645012,174.898697433434,93.0429652689333,133.970831351184
28,7.9,83.2567898208438,174.643959677736,91.3871698568918,133.015564767314
28,7.9,78.7988790961173,174.028343434797,95.2294643386799,134.628903886739
28,7.9,83.2992461134609,176.193614358236,92.8943682447756,134.543991301506
28,7.9,126.2650142413,197.994920616779,71.7299063754791,134.862413496129
28,7.6,112.997422798661,191.520335992771,78.52291319411,135.021624593441
28,7.6,101.831417840537,184.769785466757,82.9383676262199,133.854076546488
28,7.6,116.457610646901,192.560515161874,76.1029045149728,134.331709838423
28,7.6,115.26883445364,191.775073748469,76.5062392948289,134.140656521649
28,7.6,95.6964835574611,180.736437668195,85.0399541107339,132.888195889464
28,7.6,142.695599483863,206.868285773615,64.1726862897525,135.520486031684
28,7.6,99.5387780392485,184.387678833208,84.8489007939599,134.618289813584
28,7.6,132.463632963299,201.837215098566,69.3735821352669,135.605398616917
28,7.6,60.9672361972113,164.518133888715,103.550897691503,134.034515790109
28,7.6,128.854848090903,198.737905737567,69.883057646664,134.310481692116
28,7.6,88.6487389831311,178.252744550133,89.6040055670016,133.928375058567
28,7.6,110.067938608128,186.595406049265,76.5274674411372,131.561436745201
28,7.6,130.383274625095,198.46193983556,68.0786652104651,133.270302523013
28,7.6,83.0657365040699,176.38466767501,93.3189311709404,134.851799422975
28,7.6,138.619795392685,203.726520119999,65.1067247273142,134.416622423657
28,7.6,110.195307485976,189.800856141806,79.6055486558292,134.703202398817
28,7.6,106.69266334512,186.446809025106,79.7541456799868,133.100477352547
28,7.6,89.773830737468,178.847132646764,89.0733019092959,133.96021727803
28,7.6,94.974726582981,183.135218201024,88.1604916180426,135.647854909533
28,7.6,121.509909468258,195.405086767176,73.8951772989178,134.650132033047
28,7.6,123.080792295067,196.126843741656,73.0460514465889,134.586447594122
28,7.6,137.49470363835,204.129854899856,66.6351512615062,135.382503080681
28,7.6,114.377252308695,191.732617455853,77.3553651471577,134.543991301505
28,7.6,91.8329609293648,179.399064450777,87.5661035214123,133.482583986095
28,7.6,60.7974110267454,162.650057013591,101.852645986845,132.251351500218
28,7.6,83.0020520651442,175.599226261605,92.5971741964607,134.098200229033
28,7.6,121.998156833348,193.367184721588,71.3690278882395,132.368106304914
28,7.6,125.288519511121,196.657547399361,71.3690278882395,134.0132876438
28,7.6,97.6070167252014,183.66592185873,86.0589051335284,134.862413496129
28,7.6,65.6162002387121,166.046560422906,100.430360184194,133.23846030355
28,7.6,62.580575316637,166.173929300756,103.593353984119,134.883641642437
28,7.6,106.968629247126,186.489265317723,79.5206360705967,133.00495069416
28,7.6,93.2340185857078,180.375559180956,87.141540595248,133.758549888102
28,7.6,117.412877230771,193.770519501442,76.3576422706716,135.064080886057
28,7.6,78.9687042665825,172.966936119386,93.9982318528033,133.482583986095
28,7.6,121.828331662881,194.916839402087,73.0885077392053,134.002673570646
28,7.6,113.634267187907,191.881214480011,78.2469472921031,135.064080886057
28,7.6,89.200670787146,177.170109088414,87.9694383012682,132.569773694841
28,7.6,113.25216055436,190.671210140442,77.4190495860824,134.045129863262
28,7.6,112.148296946333,190.289103506895,78.140806560562,134.214955033728
28,7.6,113.209704261744,189.567346532416,76.3576422706715,132.962494401544
28,7.6,130.001167991546,199.035099785881,69.0339317943351,134.034515790108
28,7.6,136.985228126951,202.771253536129,65.7860254091773,134.278639472653
28,7.6,109.622147535655,188.696992533778,79.0748449981238,133.885918765951
28,7.6,93.8284066823387,177.594672014579,83.7662653322405,130.68046867341
28,7.6,93.4463000487903,178.719763768915,85.2734637201243,131.996613744519
28,7.6,58.8656497126974,163.159532524988,104.293882812291,133.726707668639
28,7.6,129.045901407675,199.523347150969,70.4774457432943,135.000396447132
28,7.6,132.548545548532,201.582477342868,69.0339317943352,135.308204568601
28,7.6,118.665337862957,193.68560691621,75.0202690532535,134.352937984732
28,7.3,35.1750384327227,151.887386835323,116.7123484026,134.299867618961
28,7.3,90.0710247857832,179.866083669559,89.7950588837754,134.830571276667
28,7.3,9.44652510715784,138.853305002074,129.406779894916,134.130042448495
28,7.3,72.5153477888839,168.360428370502,95.8450805816185,132.10275447606
28,7.3,28.0423812731605,146.771403575042,118.729022301881,132.750212938461
28,7.3,94.7412169735916,182.222407909771,87.4811909361794,134.851799422975
28,7.3,35.5359169199629,149.509834448802,113.973917528839,131.741875988821
28,7.3,21.4828840639201,144.16034157913,122.67745751521,133.41889954717
28,7.3,71.8997315459443,170.143592660392,98.2438611144474,134.19372688742
28,7.3,54.2166856711951,162.671285159897,108.454599488702,135.5629423243
28,7.3,93.3613874635574,180.524156205113,87.1627687415561,133.843462473335
28,7.3,79.4781797779798,174.856241140817,95.3780613628375,135.117151251827
28,7.3,57.0188009838821,162.713741452515,105.694940468633,134.204340960574
28,7.3,81.4523973846446,175.811507724688,94.3591103400431,135.085309032365
28,7.3,49.52526533708,157.088282680837,107.563017343757,132.325650012297
28,7.3,27.8088716637691,148.745621181705,120.936749517936,134.841185349821
28,7.3,83.06573650407,176.129929919311,93.0641934152415,134.597061667276
28,7.3,48.2515765585866,158.192146288864,109.940569730278,134.066358009571
28,7.3,74.977812760638,171.14131553688,96.1635027762419,133.652409156561
28,7.3,33.3706459965237,150.019309960199,116.648663963675,133.333986961937
28,7.3,109.324953487339,189.673487263956,80.348533776617,135.011010520286
28,7.3,64.0665455582119,166.683404812153,102.616859253941,134.650132033047
28,7.3,75.2962349552609,172.139038413366,96.842803458105,134.490920935735
28,7.3,99.4750936003252,183.050305615792,83.5752120154666,133.312758815629
28,7.3,62.4956627314035,166.046560422906,103.550897691503,134.798729057205
28,7.3,102.892825155948,186.76523121973,83.8724060637819,135.318818641756
28,7.3,69.5221791594251,166.640948519537,97.1187693601118,131.879858939824
28,7.3,73.7041239821444,171.226228122112,97.522104139968,134.37416613104
28,7.3,23.9878053282909,146.601578404576,122.613773076285,134.607675740431
28,7.3,73.4918425190622,171.268684414729,97.7768418956664,134.522763155198
28,7.3,55.7875684980053,161.843387453878,106.055818955873,133.949603204875
28,7.3,84.2969689899473,176.533264699168,92.2362957092208,134.384780204194
28,7.3,84.5517067456459,175.832735870997,91.2810291253508,133.556882498174
28,7.3,73.1097358855142,171.332368853654,98.2226329681395,134.777500910897
28,7.3,84.3181971362547,176.703089869633,92.3848927333784,134.543991301506
28,7.3,66.5077823836569,166.938142567851,100.430360184194,133.684251376023
28,7.3,92.6820867816943,179.653802206477,86.9717154247822,133.312758815629
28,7.3,58.1226645919093,164.114799108857,105.992134516948,135.053466812903
28,7.3,76.2939578317468,171.693247340893,95.3992895091459,133.546268425019
28,7.3,46.5533248539292,156.663719754672,110.110394900743,133.387057327708
28,7.3,58.4410867865325,163.923745792083,105.482659005551,134.703202398817
28,7.3,10.953723495041,139.299096074546,128.345372579505,133.822234327026
28,7.3,69.3735821352661,169.039729052365,99.6661469170985,134.352937984731
28,7.3,93.552440780331,181.245913179593,87.6934723992617,134.469692789427
28,7.3,90.4319032730222,179.462748889702,89.0308456166794,134.246797253191
28,7.3,67.8451556010747,167.850952859105,100.00579725803,133.928375058567
28,7.3,84.1483719657881,177.552215721961,93.4038437561732,135.478029739067
28,7.3,61.8375901958492,165.197434570578,103.359844374729,134.278639472653
28,7.3,74.7867594438634,171.523422170427,96.7366627265638,134.130042448496
28,7.3,88.6062826905161,178.634851183682,90.0285684931657,134.331709838424
32,7.9,36.0719276142449,132.808590340809,96.736662726564,114.772626533686
32,7.9,42.3315772568819,135.910553220098,93.5789759632159,114.744764591657
32,7.9,89.6783040790811,159.481756177089,69.8034520980081,114.642604137549
32,7.9,78.8307213155797,154.819524544146,75.9888032285663,115.404163886356
32,7.9,69.0790416052403,150.380188447439,81.3011468421984,115.840667644819
32,7.9,40.00974875442,135.14899347129,95.1392447168702,115.14411909408
32,7.9,67.1658549192113,150.120143655162,82.9542887359511,116.537216195557
32,7.9,70.3978401946392,151.661837780798,81.263997586159,116.462917683479
32,7.9,37.1864052954269,134.090239674168,96.903834378741,115.497037026454
32,7.9,64.751153276652,148.652748041608,83.9015947649555,116.277171403282
32,7.9,69.9334744941465,149.897248118927,79.9637736247804,114.930510871854
32,7.9,95.2135432289488,161.042024930743,65.8284817017938,113.435253316268
32,7.9,56.3925706677893,142.820314843423,86.4277441756339,114.624029509529
32,7.9,51.0430777981182,141.334344601848,90.2912668037302,115.812805702789
32,7.9,37.3721515756238,135.353314379507,97.9811628038833,116.667238591695
32,7.9,84.9603485620789,157.772890399277,72.8125418371984,115.292716118238
32,7.9,57.59992148907,143.154658147778,85.5547366587083,114.354697403243
32,7.9,94.3591103400438,163.233831037067,68.8747206970234,116.054275867045
32,7.9,87.9137144172086,160.206166669856,72.2924522526471,116.249309461251
32,7.9,62.9122651027018,147.761165896662,84.8489007939599,116.305033345311
32,7.9,47.0681074019035,138.306680234638,91.2385728327347,114.772626533686
32,7.9,64.6025562524946,148.467001761411,83.8644455089161,116.165723635163
32,7.9,33.4900543195077,132.715717200711,99.2256628812029,115.970690040957
32,7.9,103.757872118008,168.304704486443,64.546832368435,116.425768427439
32,7.9,65.9770787259514,148.782770437745,82.8056917117936,115.794231074769
32,7.9,73.7784224942231,152.887763230098,79.1093407358747,115.998551982986
32,7.9,55.0366228223528,142.820314843424,87.7836920210714,115.302003432248
32,7.9,14.9525755558541,123.688447983139,108.735872427285,116.212160205212
32,7.9,55.946779595317,144.306285084999,88.359505489682,116.33289528734
32,7.9,89.1210652384897,160.410487578073,71.2894223395836,115.849954958828
32,7.9,71.4565939917611,150.454486959518,78.9978929677566,114.726189963637
32,7.9,76.8989600015311,153.240681162471,76.3417211609402,114.791201161706
32,7.9,22.2152551115538,124.24568682373,102.030431712176,113.138059267953
32,7.9,62.6522203104261,144.417732853117,81.7655125426908,113.091622697904
32,7.9,3.0462389952301,116.072850495065,113.026611499835,114.54973099745
32,7.9,68.1131609482165,149.674352582691,81.5611916344742,115.617772108582
32,7.9,75.840206204409,152.460546785645,76.6203405812357,114.54044368344
32,7.9,101.510342127625,167.468846225556,65.9585040979316,116.713675161744
32,7.9,44.189040058851,135.464762147625,91.2757220887737,113.370242118199
32,7.9,32.0598079619915,130.839679770722,98.7798718087301,114.809775789726
32,7.9,57.5070483489705,144.492031365195,86.9849830162248,115.73850719071
32,7.9,22.5310237878883,126.028851113621,103.497827325732,114.763339219676
32,7.9,43.8361221264771,137.099329413359,93.2632072868814,115.18126835012
32,7.9,116.685813219714,174.54577950106,57.8599662813453,116.202872891202
32,7.9,79.1836392479541,154.875248428205,75.691609180251,115.283428804228
32,7.9,74.3728105908532,152.571994553763,78.1991839629096,115.385589258336
32,7.9,70.6207357308749,151.271770592384,80.651034861509,115.961402726946
32,7.9,75.8959300884682,153.575024466826,77.6790943783582,115.627059422592
32,7.9,74.038467286499,150.807404891892,76.7689376053932,113.788171248643
32,7.9,58.0642871895627,144.733501529452,86.6692143398898,115.701357934671
32,7.6,85.4061396345513,159.017390476597,73.6112508420454,116.314320659321
32,7.6,99.8572002338728,166.001450612001,66.1442503781285,116.072850495065
32,7.6,65.1597950930848,145.495061278259,80.3352661851744,112.915163731717
32,7.6,115.831380330809,173.802794380272,57.9714140494633,115.887104214868
32,7.6,84.9603485620787,157.698591887198,72.7382433251197,115.218417606159
32,7.6,75.9888032285661,153.463576698708,77.4747734701418,115.469175084425
32,7.6,40.864181643326,134.55460537466,93.6904237313341,114.122514552997
32,7.6,101.640364523764,167.283099945361,65.6427354215968,116.462917683479
32,7.6,65.0111980689276,146.888158379737,81.876960310809,114.382559345273
32,7.6,95.2506924849887,162.899487732712,67.6487952477237,115.274141490218
32,7.6,65.3641160013019,148.318404737253,82.9542887359514,115.636346736602
32,7.6,51.3588464744523,141.538665510064,90.1798190356121,115.859242272838
32,7.6,67.5559221076253,149.878673490907,82.3227513832816,116.100712437094
32,7.6,130.672508118543,182.792914341803,52.12040622326,117.456660282532
32,7.6,78.6635496634025,154.54090512385,75.8773554604479,115.209130292149
32,7.6,103.237782533457,167.766040273872,64.5282577404152,116.147149007144
32,7.6,109.516006804113,171.443816621772,61.9278098176582,116.685813219715
32,7.6,130.226717046071,183.721645742789,53.4949286967173,118.608287219753
32,7.6,91.851535557385,162.100778727866,70.2492431704808,116.175010949173
32,7.6,95.3992895091466,163.568174341422,68.1688848322751,115.868529586848
32,7.6,119.732052214945,176.644712467286,56.9126602523409,116.778686359813
32,7.6,103.312081045536,167.357398457439,64.0453174119032,115.701357934671
32,7.6,75.3758405039164,152.423397529605,77.0475570256887,114.735477277647
32,7.6,92.0001325815428,160.912002534606,68.9118699530629,114.911936243834
32,7.6,61.296272464988,146.423792679243,85.1275202142554,115.775656446749
32,7.6,113.97391752884,174.248585452745,60.2746679239054,117.261626688325
32,7.6,94.7677521564772,162.918062360733,68.1503102042554,115.534186282494
32,7.6,74.6700046391675,154.448031983751,79.7780273445835,117.113029664167
32,7.6,114.865499673785,174.118563056607,59.2530633828222,116.685813219715
32,7.6,106.525491692942,170.199316544451,63.6738248515092,116.93657069798
32,7.6,71.5308925038396,149.07996448606,77.5490719822205,113.31451823414
32,7.6,135.056120331191,184.483205491595,49.4270851604044,116.955145326
32,7.6,64.8440264167498,148.44842713339,83.6044007166405,116.026413925015
32,7.6,76.2674226488622,153.779345375043,77.5119227261809,115.645634050612
32,7.6,126.400343674015,180.712556003599,54.3122123295839,117.512384166591
32,7.6,85.108945586236,157.58714411908,72.478198532844,115.032671325962
32,7.6,96.5694910743872,163.04808475687,66.478593682483,114.763339219677
32,7.6,70.2306685424617,149.655777954671,79.4251094122093,114.54044368344
32,7.6,99.6900285816954,166.261495404277,66.5714668225815,116.416481113429
32,7.6,103.757872118008,168.416152254561,64.6582801365531,116.537216195557
32,7.6,113.026611499835,172.576868930972,59.5502574311373,116.063563181055
32,7.6,114.456857857352,173.226980911662,58.7701230543103,115.998551982986
32,7.6,105.411014011762,169.14056274733,63.7295487355683,116.435055741449
32,7.6,101.658939151782,167.338823829418,65.6798846776362,116.509354253527
32,7.6,96.4023194222096,163.976816157855,67.5744967356451,115.77565644675
32,7.6,103.553551209791,168.806219442975,65.2526682331833,117.029443838079
32,7.6,101.120274939212,166.577264080612,65.4569891413998,116.017126611006
32,7.6,86.4463188036535,157.234226186705,70.787907383052,114.011066784879
32,7.6,74.094191170558,152.980636370196,78.8864451996382,115.933540784917
32,7.6,112.599395055381,171.778159926125,59.1787648707435,115.478462398434
32,7.3,34.957449933063,132.752866456749,97.7954165236863,115.274141490218
32,7.3,75.2643927357982,154.039390167318,78.7749974315202,116.407193799419
32,7.3,67.2587280593105,148.801345065765,81.5426170064544,115.17198103611
32,7.3,66.6643399626794,148.559874901508,81.8955349388287,115.227704920168
32,7.3,67.1658549192123,148.949942089923,81.7840871707104,115.367014630317
32,7.3,64.6397055085337,145.940852350732,81.3011468421986,113.620999596465
32,7.3,21.4908446187858,126.06600036966,104.575155750874,115.320578060267
32,7.3,90.848505644321,160.707681626388,69.8591759820672,115.283428804228
32,7.3,47.5324731023957,138.733896679091,91.2014235766951,114.967660127893
32,7.3,64.398235344277,148.336979365272,83.938744020995,116.137861693134
32,7.3,47.88539103477,139.012516099386,91.1271250646164,115.069820582001
32,7.3,68.8375714409843,150.510210843577,81.6726394025923,116.091425123084
32,7.3,48.9998687159518,138.492426514835,89.4925577988831,113.992492156859
32,7.3,57.8228170253066,143.321829799956,85.499012774649,114.410421287302
32,7.3,39.1924651215535,134.331709838424,95.1392447168702,114.735477277647
32,7.3,50.9316300299998,140.832829645316,89.9011996153166,115.367014630316
32,7.3,63.9895935278447,146.646688215481,82.657094687636,114.651891451558
32,7.3,65.1969443491245,147.835464408741,82.6385200596164,115.236992234179
32,7.3,75.9702286005467,153.556449838806,77.5862212382597,115.571335538533
32,7.3,64.1753398080412,146.943882263795,82.7685424557542,114.856212359775
32,7.3,41.7371891602511,136.263471152471,94.5262819922203,115.394876572346
32,7.3,74.0013180304589,151.53181538466,77.5304973542007,114.53115636943
32,7.3,60.6090112282606,145.922277722713,85.3132664944522,115.617772108582
32,7.3,45.7678834405252,137.229351809496,91.4614683689709,114.345410089233
32,7.3,44.1890400588518,138.23238172256,94.043341663708,116.137861693134
32,7.3,64.416809972297,147.649718128543,83.2329081562464,115.441313142395
32,7.3,80.966803537844,156.454091809878,75.4872882720343,115.970690040956
32,7.3,31.9855094499119,132.474247036454,100.488737586542,116.481492311498
32,7.3,78.6264004073633,154.59662900791,75.9702286005464,115.283428804228
32,7.3,56.3182721557105,143.823344756487,87.505072600776,115.664208678631
32,7.3,57.0241080204585,144.714926901432,87.6908188809731,116.202872891202
32,7.3,65.6427354215975,147.185352428052,81.5426170064545,114.363984717253
32,7.3,80.4838632093323,155.023845452362,74.53998224303,114.781913847696
32,7.3,47.5510477304152,138.678172795032,91.1271250646165,114.902648929824
32,7.3,54.3679362136434,142.244501374813,87.87656516117,115.060533267992
32,7.3,63.580951711411,146.981031519835,83.4000798084239,115.190555664129
32,7.3,55.7424586871004,142.374523770951,86.6320650838503,114.503294427401
32,7.3,66.2742727742672,149.432882418435,83.1586096441678,116.295746031301
32,7.3,28.1962853338947,129.09366473687,100.897379402975,114.995522069923
32,7.3,12.3707022611151,121.570940388894,109.200238127778,115.385589258336
32,7.3,21.7880386671002,126.326045161935,104.538006494835,115.432025828385
32,7.3,36.2205246384027,132.882888852888,96.6623642144851,114.772626533686
32,7.3,78.81214668756,155.023845452362,76.2116987648025,115.617772108582
32,7.3,35.663285797812,133.105784389124,97.442498591312,115.274141490218
32,7.3,35.6261365417724,133.3658291814,97.7396926396272,115.552760910513
32,7.3,79.3508109001304,155.952576853346,76.601765953216,116.277171403281
32,7.3,41.0685025515424,134.814650166936,93.7461476153933,114.280398891165
32,7.3,46.1208013728992,138.696747423052,92.5759460501525,115.636346736602
32,7.3,57.9156901654046,145.290740370043,87.3750502046384,116.332895287341
32,7.3,33.8986961359405,132.232776872198,98.3340807362576,115.283428804228
36,7.9,54.5681294267445,129.791245211388,75.2231157846431,102.507180498015
36,7.9,37.5124932095503,120.281035665304,82.7685424557541,101.524789060529
36,7.9,47.41896148672,124.243622976172,76.8246614894522,100.534142232812
36,7.9,74.8929001754042,139.235411635623,64.3425114602183,101.78896154792
36,7.9,46.0155451474545,123.814342684162,77.7987975367072,100.806570110434
36,7.9,51.711764406827,126.555132240845,74.8433678340183,100.699250037432
36,7.9,50.7871607009581,125.547974632667,74.7608139317084,100.154394282187
36,7.9,42.5317704699828,120.611251274543,78.0794808045606,99.345366039552
36,7.9,71.8218950094819,137.865016857281,66.0431218477991,101.95406935254
36,7.9,66.538445261658,134.018005009647,67.4795597479886,100.748782378818
36,7.9,43.9351868092486,122.592544929977,78.6573581207287,100.624951525353
36,7.9,68.6518251607875,133.885918765951,65.2340936051635,99.5600061855573
36,7.9,60.8917583436714,132.647610231305,71.7558518876337,102.201731059469
36,7.9,68.6188035998637,134.992141056902,66.3733374570381,100.68273925697
36,7.9,46.9236380728615,124.359198439406,77.4355603665444,100.897379402975
36,7.9,59.2076587365522,130.385633308018,71.1779745714654,100.781803939742
36,7.9,70.8972913036126,136.577175981249,65.6798846776362,101.128530329443
36,7.9,59.3397449802477,130.534230332175,71.1944853519275,100.864357842051
36,7.9,61.4531248793771,130.385633308018,68.9325084286406,99.6590708683291
36,7.9,72.8785849590467,137.303650321575,64.425065362528,100.864357842051
36,7.9,88.2831431300456,144.915120114533,56.6319769844878,100.773548549511
36,7.9,52.5042818690006,126.93488019147,74.4305983224696,100.68273925697
36,7.9,44.19935929664,123.137400685222,78.9380413885818,101.037721036902
36,7.9,28.943398149798,115.014096697942,86.0706985481442,100.542397623043
36,7.9,88.3656970323548,144.750012309913,56.3843152775586,100.567163793736
36,7.9,61.7172973667685,131.822071208207,70.1047738414389,100.963422524823
36,7.9,71.8714273508675,137.782462954971,65.9110356041036,101.846749279537
36,7.9,49.4993198249257,126.208405851144,76.7090860262186,101.458745938681
36,7.9,43.918676028786,121.09006390794,77.1713878791536,99.1307258935466
36,7.9,55.2120498647596,127.909016238725,72.696966373965,100.302991306345
36,7.9,67.0998117973644,135.206781202907,68.1069694055428,101.656875304225
36,7.9,52.256620162071,127.116498776551,74.8598786144803,100.988188695516
36,7.9,15.057831781298,107.71633173376,92.6584999524624,100.187415843111
36,7.9,55.0139204992172,128.123656384731,73.1097358855136,100.616696135122
36,7.9,57.6391345926669,129.758223650464,72.1190890577966,100.93865635413
36,7.9,57.9858609823678,130.187503942474,72.2016429601064,101.19457345129
36,7.9,77.1713878791537,139.862821293177,62.6914334140233,101.2771273536
36,7.9,32.6087914123511,116.698196305061,84.0894048927102,100.393800598886
36,7.9,62.6253902921756,131.640452623126,69.01506233095,100.327757477038
36,7.9,39.0810173534354,121.024020786092,81.9430034326568,101.483512109374
36,7.9,63.5830155589688,132.977825840544,69.3948102815748,101.186318061059
36,7.9,57.077768056961,128.701533700899,71.6237656439381,100.162649672419
36,7.9,56.1696751315532,129.774734430925,73.6050592993721,101.689896865149
36,7.9,46.7585302682417,125.234269803889,78.4757395356473,101.855004669768
36,7.9,51.3980595780501,127.000923313318,75.6028637352679,101.301893524293
36,7.9,65.7624385799463,134.331709838424,68.5692712584774,101.450490548451
36,7.9,66.8851716513583,134.21613437519,67.3309627238312,100.77354854951
36,7.9,50.0937079215559,126.406535216688,76.3128272951318,101.35968125591
36,7.9,43.3077771516945,122.212796979352,78.9050198276579,100.558908403505
36,7.9,60.8257152218233,131.656963403588,70.8312481817646,101.244105792676
36,7.6,77.7327544148598,141.002065145051,63.2693107301916,102.135687937621
36,7.6,81.4972123601844,142.240373679698,60.7431613195132,101.491767499605
36,7.6,78.1950562677943,140.093972219644,61.8989159518497,100.996444085747
36,7.6,78.5252718770338,138.95472836777,60.4294564907362,99.6920924292531
36,7.6,94.8874553148258,148.894218205864,54.0067628910377,101.450490548451
36,7.6,50.6385636768008,126.901858630547,76.2632949537459,101.582576792146
36,7.6,77.1713878791539,139.813288951791,62.6419010726374,101.227595012214
36,7.6,60.924779904595,131.739517305898,70.8147374013026,101.2771273536
36,7.6,51.2824841148164,126.076319607449,74.7938354926324,100.435077550041
36,7.6,62.4602824875565,131.805560427746,69.3452779401891,100.575419183967
36,7.6,54.2379138175052,128.37131809166,74.1334042741545,101.252361182907
36,7.6,59.7194929308728,130.270057844784,70.5505649139113,100.410311379348
36,7.6,63.7151018026644,133.159444425625,69.4443426229607,101.301893524293
36,7.6,90.18188288317,146.07087474687,55.8889918637001,100.979933305285
36,7.6,73.8362102258397,136.098363347852,62.2621531220126,99.1802582349325
36,7.6,74.5461737857037,137.369693443423,62.8235196577189,100.096606550571
36,7.6,83.4289736742328,142.537567728013,59.1085940537801,100.823080890897
36,7.6,75.916568564045,138.657534319454,62.7409657554092,100.699250037432
36,7.6,72.3337292038026,138.228254027444,65.8945248236415,102.061389425543
36,7.6,43.9847191506344,123.451105513999,79.4663863633644,101.458745938682
36,7.6,77.3695172446972,140.027929097797,62.6584118530994,101.343170475448
36,7.6,81.5797662624944,142.388970703855,60.8092044413609,101.599087572608
36,7.6,51.777807528675,127.265095800709,75.4872882720343,101.376192036372
36,7.6,86.8632160103175,145.674616015783,58.8114000054651,102.243008010624
36,7.6,63.1867568278814,132.152286817446,68.9655299895644,100.558908403505
36,7.6,67.7932645767663,135.322356666141,67.5290920893746,101.425724377758
36,7.6,61.5026572207635,132.449480865762,70.9468236449981,101.69815225538
36,7.6,74.7608139317087,139.185879294237,64.425065362528,101.805472328382
36,7.6,96.934792092108,150.066483618662,53.1316915265544,101.599087572608
36,7.6,84.8819223548844,144.073070310974,59.1911479560899,101.632109133532
36,7.6,68.8004221849452,136.32951427432,67.5290920893747,101.929303181847
36,7.6,75.2066050041818,138.442894173449,63.2362891692676,100.839591671359
36,7.6,55.8394595223144,128.652001359513,72.8125418371986,100.732271598356
36,7.6,95.6634619965372,148.448427133391,52.7849651368535,100.616696135122
36,7.6,96.8192166288741,150.64436093483,53.8251443059563,102.234752620393
36,7.6,110.836869241069,157.710974972545,46.8741057314754,102.29254035201
36,7.6,84.3700881605627,143.561236116653,59.19114795609,101.376192036371
36,7.6,68.073947844619,134.232645155652,66.1586973110328,100.195671233342
36,7.6,44.6616611495745,122.559523369053,77.897862219479,100.228692794266
36,7.6,84.1059156731724,144.20515655467,60.0992408814972,102.152198718083
36,7.6,75.3882235892632,138.591491197607,63.2032676083438,100.897379402975
36,7.6,71.9044489117919,137.155053297417,65.2506043856255,101.202828841521
36,7.6,100.550653013275,151.668029323471,51.1173763101965,101.392702816834
36,7.6,80.985378165864,140.952532803666,59.9671546378016,100.459843720734
36,7.6,73.9352749086112,138.211743246982,64.2764683383705,101.244105792676
36,7.6,41.4585697399561,121.882581370113,80.4240116301573,101.153296500135
36,7.6,44.480042564493,123.401573172613,78.92153060812,101.161551890366
36,7.6,106.032232126642,154.408818880155,48.3765867535129,101.392702816834
36,7.6,90.7432494188764,146.434111917033,55.6908624981567,101.062487207595
36,7.6,78.5252718770339,141.150662169209,62.6253902921755,101.888026230692
36,7.3,19.3506347014048,111.01848782615,91.6678531247453,101.343170475448
36,7.3,57.9198178605201,130.847935160952,72.9281173004321,101.888026230692
36,7.3,60.4459672711984,130.170993162012,69.7250258908139,99.9480095264131
36,7.3,61.3705709770676,131.029553746034,69.6589827689661,100.3442682575
36,7.3,45.0579198806612,123.665745660004,78.6078257793428,101.136785719673
36,7.3,37.5124932095499,120.297546445766,82.7850532362162,101.541299840991
36,7.3,58.6628029813078,130.732359697719,72.0695567164107,101.400958207065
36,7.3,59.0260401514709,130.204014722936,71.1779745714654,100.690994647201
36,7.3,47.2043213407149,124.375709219868,77.1713878791532,100.773548549511
36,7.3,56.2026966924774,129.47754038261,73.274843690133,101.376192036372
36,7.3,40.7981385214781,121.123085468864,80.3249469473855,100.724016208125
36,7.3,64.8213240936153,132.746674914077,67.9253508204614,100.336012867269
36,7.3,30.033109660287,116.648663963675,86.6155543033885,101.632109133532
36,7.3,32.1795111203404,117.143987377534,84.9644762571933,101.054231817364
36,7.3,55.0634528406029,127.61182219041,72.5483693498072,100.080095770109
36,7.3,42.3501518849014,122.476969466744,80.1268175818422,101.301893524293
36,7.3,51.4641026998979,126.588153801769,75.1240511018715,100.85610245182
36,7.3,24.7826814733866,113.957406748377,89.1747252749907,101.566066011684
36,7.3,29.9835773189007,115.67452791642,85.6909505975195,100.68273925697
36,7.3,68.2885879906245,134.183112814266,65.8945248236416,100.038818818954
36,7.3,69.1471485746457,136.213938811086,67.06679023644,101.640364523763
36,7.3,47.7491770959594,125.135205121118,77.3860280251587,101.260616573138
36,7.3,49.5323413858498,126.307470533916,76.7751291480664,101.541299840991
36,7.3,22.6527907937952,112.405393384954,89.7526025911589,101.078997988056
36,7.3,63.0546705841866,133.093401303777,70.0387307195909,101.566066011684
36,7.3,68.5527604780158,135.801169299537,67.2484088215214,101.524789060529
36,7.3,53.9737413301143,128.899663066442,74.9259217363281,101.912792401385
36,7.3,68.8499545263308,134.612393106277,65.7624385799459,100.187415843111
36,7.3,30.6440085373792,117.143987377534,86.4999788401549,101.821983108844
36,7.3,23.6599484019738,113.80880972422,90.1488613222461,101.978835523233
36,7.3,5.54762223521526,104.298600178137,98.7509779429217,101.524789060529
36,7.3,57.9033070800584,128.833619944595,70.9303128645363,99.8819664045655
36,7.3,40.6330307168583,122.245818540276,81.6127878234181,101.929303181847
36,7.3,50.5229882135664,126.885347850084,76.3623596365177,101.623853743301
36,7.3,60.6440966367421,132.003689793289,71.359593156547,101.681641474918
36,7.3,59.8020468331822,132.317394622066,72.5153477888835,102.416371205475
36,7.3,46.4778470003887,124.30966609802,77.8318190976312,101.070742597826
36,7.3,68.6022928194015,135.239802763831,66.6375099444293,100.93865635413
36,7.3,69.1801701355698,135.107716520135,65.9275463845655,100.51763145235
36,7.3,30.3468144890643,116.665174744138,86.3183602550733,101.491767499606
36,7.3,30.3798360499878,116.714707085523,86.3348710355354,101.524789060529
36,7.3,29.7689371728956,115.922189623349,86.1532524504539,101.037721036902
36,7.3,48.9049317282956,125.06916199927,76.1642302709742,100.616696135122
36,7.3,19.069951433552,109.928776315662,90.8588248821096,100.393800598886
36,7.3,40.2697935466955,121.882581370113,81.6127878234178,101.747684596766
36,7.3,33.7810568251487,118.085101863865,84.3040450387159,101.19457345129
36,7.3,61.073376928751,132.928293499156,71.8549165704054,102.391605034781
36,7.3,66.802617749049,134.876565593668,68.073947844619,101.475256719143
36,7.3,55.8229487418525,129.593115845844,73.7701671039915,101.681641474918
36,7.3,61.1394200506001,132.036711354212,70.8972913036123,101.467001328912
